B<-A	PHE/B/1	VAL/B/2	ASN/B/3	GLN/B/4	HIS/B/5	LEU/B/6	CYS/B/7	GLY/B/8	SER/B/9	HIS/B/10	LEU/B/11	VAL/B/12	GLU/B/13	ALA/B/14	LEU/B/15	TYR/B/16	LEU/B/17	VAL/B/18	CYS/B/19	GLY/B/20	GLU/B/21	ARG/B/22	GLY/B/23	PHE/B/24	PHE/B/25	TYR/B/26	THR/B/27	PRO/B/28	LYS/B/29	ALA/B/30	
GLY/A/1	0	0	0	0	0	0	0	0	0	0	0	0	0	0	0	0	0	0	0	0	0	0	0	0	0	0	0.796896	0	0	22.0864	
ILE/A/2	0	0	0	0	0	0	0	0	0	0	20.6869	0	0	0	9.08486	0	0	0	0	0	0	0	0	0	0.855384	7.47476	13.7666	2.15162	0	3.28086	
VAL/A/3	0	0	0	0	0	0	0.627808	0	0	0	11.9195	0	0	0	0	0	0	0	0	0	0	0	0	0	0	5.09653	0.601725	25.1668	0	0.0587519	
GLU/A/4	0	0	0	0	0	0	0	0	0	0	0	0	0	0	0	0	0	0	0	0	0	0	0	0	0	0	0	6.32052	0	3.2258	
GLN/A/5	0	0	0	0	0	0	0	0	0	0	0	0	0	0	0	0	0	0	0	0	0	0	0	0	0	0	0	0	0	0	
CYS/A/6	0	0	0	1.95975	2.24859	10.9377	0.585453	0	0	0	12.0973	0	0	0	0	0	0	0	0	0	0	0	0	0	0	0	0	0	0	0	
CYS/A/7	0	0	0	0	9.44879	7.77908	37.8198	0.142383	0	0	3.76666	0	0	0	0	0	0	0	0	0	0	0	0	0	0	0	0	0	0	0	
THR/A/8	0	0	0	0	16.7124	0.0571846	3.29566	0	0	0	0	0	0	0	0	0	0	0	0	0	0	0	0	0	0	0	0	0	0	0	
SER/A/9	0	0	0	1.12014	16.7487	0.272741	0	0	0	0	0	0	0	0	0	0	0	0	0	0	0	0	0	0	0	0	0	0	0	0	
ILE/A/10	0	0.350763	11.9447	16.7971	26.7746	0	0	0	0	0	0	0	0	0	0	0	0	0	0	0	0	0	0	0	0	0	0	0	0	0	
CYS/A/11	0	9.8482	7.14166	8.82091	0.26722	5.88735	0	0	0	0	3.66332	0	0	0.0277106	0	0	0	0	0	0	0	0	0	0	0	0	0	0	0	0	
SER/A/12	0	10.4175	13.5459	0.0474445	0	0	0	0	0	0	0	0	0	0	0	0	0	0	0	0	0	0	0	0	0	0	0	0	0	0	
LEU/A/13	0	23.7221	4.2069	0	0	0	0	0	0	0	0	0	0	0	0	0	0	20.811	0	0	0	0	0	0	0	0	0	0	0	0	
TYR/A/14	0	0	0	0	0	0	0	0	0	0	0	0	0	0	0	0	0	0	0	0	0	0	0	0	0	0	0	0	0	0	
GLN/A/15	0	0	0	0	0	0	0	0	0	0	0	0	0	0	0.350846	0	0	0	0	0	0	0	0	0	0	0	0	0	0	0	
LEU/A/16	0	8.27163	0	0	0	3.50262	0	0	0	0	6.35696	0	0	5.69347	21.2511	0	0	14.0485	2.15601	0	0	0	0	0	0	0	0	0	0	0	
GLU/A/17	0	0	0	0	0	0	0	0	0	0	0	0	0	0	1.34304	0	0	19.5764	5.20428	0	0	27.4241	0	0	0	0	0	0	0	0	
ASN/A/18	0	0	0	0	0	0	0	0	0	0	0	0	0	0	0	0	0	0	0	0	0	0	0	0	12.2685	0	0	0	0	0	
TYR/A/19	0	0	0	0	0	0	0	0	0	0	0	0	0	0	14.9804	0	0	0	3.33052	0	0	0	0.208896	3.29799	39.6691	0.00852635	9.38308	0	0	0	
CYS/A/20	0	0	0	0	0	0	0	0	0	0	0	0	0	0	0.581727	0	0	0.743247	11.7851	0	0	12.1506	3.5104	3.47276	11.1632	0	0	0	0	0	
ASN/A/21	0	0	0	0	0	0	0	0	0	0	0	0	0	0	0	0	0	0	0.41717	0	0	36.8004	7.57065	13.8347	18.9874	0	0	0	0	0	
