<RESI_1>	<RESI_2>	<dSASA_by_2>	<RESI_1_dSASA>	<RESI_2_dSASA>
1	27	2.91601	25.4252	24.5483
1	30	58.4778	25.4252	28.6519
2	10	0.319871	121.789	57.5412
2	11	102.354	121.789	100.047
2	12	41.4179	121.789	14.2646
2	13	84.92	121.789	42.1533
2	15	38.36	121.789	47.592
2	16	25.3332	121.789	83.0847
2	25	2.47264	121.789	82.9435
2	26	55.9158	121.789	12.5798
2	27	61.756	121.789	24.5483
2	28	18.6556	121.789	33.639
2	30	3.93125	121.789	28.6519
3	10	21.4205	83.0122	57.5412
3	11	34.5171	83.0122	100.047
3	12	43.0064	83.0122	14.2646
3	13	15.4598	83.0122	42.1533
3	26	21.188	83.0122	12.5798
3	27	9.25445	83.0122	24.5483
3	28	87.9906	83.0122	33.639
3	30	0	83.0122	28.6519
4	6	10.719	34.8884	59.1281
4	9	9.40616	34.8884	8.59682
4	10	61.2482	34.8884	57.5412
4	11	49.1611	34.8884	100.047
4	28	5.09209	34.8884	33.639
4	30	1.93228	34.8884	28.6519
5	6	14.3273	72.2003	59.1281
5	7	32.1783	72.2003	115.122
5	8	46.9355	72.2003	10.325
5	9	73.9761	72.2003	8.59682
5	10	86.9526	72.2003	57.5412
5	11	1.88432	72.2003	100.047
6	4	12.8144	59.1281	34.8884
6	5	22.7957	59.1281	72.2003
6	6	106.899	59.1281	59.1281
6	7	41.4842	59.1281	115.122
6	9	1.75356	59.1281	8.59682
6	10	0	59.1281	57.5412
6	11	55.3295	59.1281	100.047
6	16	9.92467	59.1281	83.0847
7	5	69.5258	115.122	72.2003
7	6	29.1761	115.122	59.1281
7	7	203.257	115.122	115.122
7	8	11.2845	115.122	10.325
7	11	10.4197	115.122	100.047
8	5	25.0732	10.325	72.2003
8	7	0.142383	10.325	115.122
9	4	0.611099	8.59682	34.8884
9	5	37.6626	8.59682	72.2003
9	6	0.019584	8.59682	59.1281
10	2	1.16811	57.5412	121.789
10	3	64.4421	57.5412	83.0122
10	4	69.9416	57.5412	34.8884
10	5	102.748	57.5412	72.2003
10	6	0.0937898	57.5412	59.1281
11	2	109.523	100.047	121.789
11	3	92.5134	100.047	83.0122
11	4	44.6307	100.047	34.8884
11	5	3.7816	100.047	72.2003
11	6	80.4456	100.047	59.1281
11	7	16.2853	100.047	115.122
11	11	20.2388	100.047	100.047
11	14	0.202282	100.047	5.72118
11	16	16.3962	100.047	83.0847
12	2	13.3267	14.2646	121.789
12	3	19.6618	14.2646	83.0122
13	2	47.6192	42.1533	121.789
13	3	6.35133	42.1533	83.0122
13	18	43.6549	42.1533	64.6709
14	11	0.110842	5.72118	100.047
14	16	15.1684	5.72118	83.0847
15	2	27.2502	47.592	121.789
15	16	75.9975	47.592	83.0847
15	19	45.8462	47.592	103.944
15	20	0.366633	47.592	72.7225
16	2	56.2568	83.0847	121.789
16	6	15.1769	83.0847	59.1281
16	11	19.099	83.0847	100.047
16	14	46.3151	83.0847	5.72118
16	15	84.1445	83.0847	47.592
16	18	43.4076	83.0847	64.6709
16	19	3.73787	83.0847	103.944
17	18	23.8886	31.4719	64.6709
17	19	0	31.4719	103.944
17	22	47.243	31.4719	76.3751
18	13	48.6599	64.6709	42.1533
18	16	50.6721	64.6709	83.0847
18	17	70.7909	64.6709	31.4719
18	20	4.34844	64.6709	72.7225
18	25	21.1115	64.6709	82.9435
19	15	28.5092	103.944	47.592
19	16	14.6523	103.944	83.0847
19	17	12.3832	103.944	31.4719
19	19	26.5417	103.944	103.944
19	20	64.2729	103.944	72.7225
19	21	3.03423	103.944	88.9655
19	23	4.30194	103.944	11.29
19	24	62.5527	103.944	20.6055
19	25	184.964	103.944	82.9435
19	26	6.38623	103.944	12.5798
19	27	17.138	103.944	24.5483
20	15	3.64987	72.7225	47.592
20	18	31.8638	72.7225	64.6709
20	19	32.7277	72.7225	103.944
20	22	93.0789	72.7225	76.3751
20	23	25.8254	72.7225	11.29
20	24	23.0306	72.7225	20.6055
20	25	11.5593	72.7225	82.9435
21	19	0	88.9655	103.944
21	22	109.039	88.9655	76.3751
21	23	62.18	88.9655	11.29
21	24	84.2363	88.9655	20.6055
21	25	65.0996	88.9655	82.9435
22	17	82.3239	76.3751	31.4719
22	20	50.7991	76.3751	72.7225
22	21	129.146	76.3751	88.9655
23	19	1.76908	11.29	103.944
23	20	24.8931	11.29	72.7225
23	21	42.8882	11.29	88.9655
24	19	21.2988	20.6055	103.944
24	20	19.261	20.6055	72.7225
24	21	50.9736	20.6055	88.9655
25	2	2.38271	82.9435	121.789
25	18	20.5826	82.9435	64.6709
25	19	144.025	82.9435	103.944
25	20	43.9136	82.9435	72.7225
25	21	63.9902	82.9435	88.9655
26	2	16.4814	12.5798	121.789
26	3	5.75875	12.5798	83.0122
26	19	0.00852635	12.5798	103.944
27	1	4.06693	24.5483	25.4252
27	2	25.0928	24.5483	121.789
27	3	2.82662	24.5483	83.0122
27	19	16.6949	24.5483	103.944
28	2	6.78697	33.639	121.789
28	3	68.1188	33.639	83.0122
28	4	15.0405	33.639	34.8884
30	1	57.741	28.6519	25.4252
30	2	10.373	28.6519	121.789
30	3	0.235007	28.6519	83.0122
30	4	8.66916	28.6519	34.8884
