A<-B	GLY/A/1	ILE/A/2	VAL/A/3	GLU/A/4	GLN/A/5	CYS/A/6	CYS/A/7	THR/A/8	SER/A/9	ILE/A/10	CYS/A/11	SER/A/12	LEU/A/13	TYR/A/14	GLN/A/15	LEU/A/16	GLU/A/17	ASN/A/18	TYR/A/19	CYS/A/20	ASN/A/21	
PHE/B/1	0	0	0	0	0	0	0	0	0	0	0	0	0	0	0	1.83346	0	0	0	0	0	
VAL/B/2	0	0	0	0	0	0	0	0	0	0.339277	7.88872	3.32905	20.1727	0	0	17.2808	0	0	0	0	0	
ASN/B/3	0	0	0	0	0	0	0	0	0	15.2957	11.3833	10.9355	5.15968	0	0	0	0	0	0	0	0	
GLN/B/4	0	0	0	0	0	1.5444	0	0	0.0785375	14.2502	6.75069	0	0	0	0	0	0	0	0	0	0	
HIS/B/5	0	0	0	0	0	6.62868	16.5546	10.1826	8.51602	27.6431	1.78118	0	0	0	0	0	0	0	0	0	0	
LEU/B/6	0	0	0	0	0	13.3883	7.79566	0	0.00226666	0.0129418	12.8937	0	0	0	0	4.83797	0	0	0	0	0	
CYS/B/7	0	0	0	0	0	0.641388	41.2442	0	0	0	0	0	0	0	0	0	0	0	0	0	0	
GLY/B/8	0	0	0	0	0	0	2.54091	0	0	0	0	0	0	0	0	0	0	0	0	0	0	
SER/B/9	0	0	0	0	0	0	0	0	0	0	0	0	0	0	0	0	0	0	0	0	0	
HIS/B/10	0	0	0	0	0	0	0	0	0	0	0	0	0	0	0	0	0	0	0	0	0	
LEU/B/11	0	14.9272	5.60309	0	0	8.48868	4.65811	0	0	0	0.79427	0	0	0	0	8.76783	0	0	0	0	0	
VAL/B/12	0	0	0	0	0	0	0	0	0	0	0	0	0	0	0	0	0	0	0	0	0	
GLU/B/13	0	0	0	0	0	0	0	0	0	0	0	0	0	0	0	0	0	0	0	0	0	
ALA/B/14	0	0	0	0	0	0	0	0	0	0	0.064056	0	0	0	0	16.1276	0	0	0	0	0	
LEU/B/15	0	11.4782	0	0	0	0	0	0	0	0	0	0	0	0	0	20.3239	0	0	8.34772	3.12472	0	
TYR/B/16	0	0	0	0	0	0	0	0	0	0	0	0	0	0	0	0	0	0	0	0	0	
LEU/B/17	0	0	0	0	0	0	0	0	0	0	0	0	0	0	0	0	0	0	0	0	0	
VAL/B/18	0	0	0	0	0	0	0	0	0	0	0	0	16.8209	0	0	12.456	9.58899	0	0	8.8816	0	
CYS/B/19	0	0	0	0	0	0	0	0	0	0	0	0	0	0	0	1.45716	0	0	0.942485	22.8716	0.0760984	
GLY/B/20	0	0	0	0	0	0	0	0	0	0	0	0	0	0	0	0	0	0	0	0.470083	0	
GLU/B/21	0	0	0	0	0	0	0	0	0	0	0	0	0	0	0	0	0	0	0	0	0	
ARG/B/22	0	0	0	0	0	0	0	0	0	0	0	0	0	0	0	0	21.883	0	0	23.4376	37.2862	
GLY/B/23	0	0	0	0	0	0	0	0	0	0	0	0	0	0	0	0	0	0	0.522412	4.08209	13.6144	
PHE/B/24	0	0	0	0	0	0	0	0	0	0	0	0	0	0	0	0	0	0	12.5711	4.47048	16.8277	
PHE/B/25	0	1.00995	0	0	0	0	0	0	0	0	0	0	0	0	0	0	0	9.49169	44.9118	5.38431	21.1612	
TYR/B/26	0	19.3161	9.6291	0	0	0	0	0	0	0	0	0	0	0	0	0	0	0	2.72414	0	0	
THR/B/27	0.938182	15.449	1.31427	0	0	0	0	0	0	0	0	0	0	0	0	0	0	0	11.0312	0	0	
PRO/B/28	0	5.52762	27.8321	4.6025	0	0	0	0	0	0	0	0	0	0	0	0	0	0	0	0	0	
LYS/B/29	0.144664	0	1.79447	0	0	0	0	0	0	0	0	0	0	0	0	0	0	0	0	0	0	
ALA/B/30	24.3424	1.47029	0	1.5406	0	0	0	0	0	0	0	0	0	0	0	0	0	0	0	0	0	
